name,state,category,budget_level,description,tags
Goa,Goa,Beach,Moderate,"Famous for sun-kissed tropical beaches, vibrant nightlife, Portuguese colonial architecture, and fresh seafood.",beach sea nightlife party water sports relaxed coastal heritage
Manali,Himachal Pradesh,Mountain,Budget,"Nestled in the Himalayas, offering snow-capped peaks, skiing, trekking, high-altitude adventure, and pine forests.",mountain snow trekking skiing adventure landscape nature hiking
Jaipur,Rajasthan,Heritage,Budget,"The Pink City renowned for magnificent forts, palaces, vibrant bazaars, royal history, and Rajasthani culture.",heritage fort palace culture photography shopping architecture historical
Kerala Backwaters,Kerala,Nature,Moderate,"Serene network of emerald lagoons, palm-fringed canals, traditional houseboats, and authentic Ayurvedic wellness.",nature backwaters houseboat relaxed wellness greenery coastal scenery
Leh Ladakh,Ladakh,Adventure,Moderate,"High-altitude desert mountain region with dramatic lunar landscapes, ancient Buddhist monasteries, and crystal-clear lakes.",adventure mountain motorcycling monastery trekking nature photography high altitude
Varanasi,Uttar Pradesh,Culture,Budget,"One of the world's oldest continuously inhabited cities, spiritual heart of India on the sacred Ganges river with ancient ghats.",spiritual culture heritage temples photography history river sacred
Ooty,Tamil Nadu,Mountain,Budget,"Picturesque hill station featuring rolling tea gardens, colonial bungalows, misty mountains, and a historic toy train.",mountain tea gardens nature relaxed climate green scenic hill station
Rishikesh,Uttarakhand,Adventure,Budget,"Yoga capital of the world, offering thrilling white-water river rafting, bungee jumping, and spiritual Ganges ashrams.",adventure yoga rafting spiritual wellness Ganges mountain sports
Udaipur,Rajasthan,Heritage,Luxury,"The City of Lakes with romantic palaces floating on calm waters, luxury heritage hotels, and royal Rajasthani charm.",luxury romantic palace lake heritage culture photography royal
Munnar,Kerala,Nature,Budget,"Expansive tea plantations, misty valleys, rare flora, trekking trails, and cool mountain air in the Western Ghats.",nature tea gardens mountain mist hiking scenery relaxed waterfalls
Shimla,Himachal Pradesh,Mountain,Budget,"Former British summer capital with charming Mall Road colonial architecture, pine forests, and mountain views.",mountain heritage shopping climate colonial snow scenic hill station
Darjeeling,West Bengal,Mountain,Budget,"Famous for world-class tea estates, panoramic views of Kanchenjunga peak, and the iconic Darjeeling Himalayan Railway.",mountain tea estates snow view railway heritage scenic culture
Agra,Uttar Pradesh,Heritage,Budget,"Home to the iconic Taj Mahal, majestic Agra Fort, and rich Mughal architectural masterpieces.",heritage monument Taj Mahal historical architecture culture photography
Andaman Islands,Andaman and Nicobar,Island,Luxury,"Exotic tropical archipelago with pristine white-sand beaches, coral reefs, scuba diving, and clear turquoise waters.",island beach luxury scuba diving water sports nature tropical marine
Jaisalmer,Rajasthan,Desert,Budget,"The Golden City in the Thar Desert with a towering sandstone fort, camel safaris, and golden sand dunes.",desert fort camel safari sand dunes culture heritage night sky
Hampi,Karnataka,Heritage,Budget,"UNESCO World Heritage site featuring ancient boulder-strewn landscapes and magnificent ruins of the Vijayanagara Empire.",heritage ruins history boulders temples photography culture architecture
Coorg,Karnataka,Nature,Moderate,"The Scotland of India, known for lush coffee plantations, cascading waterfalls, misty hills, and homestays.",nature coffee plantations waterfalls trekking relaxed greenery climate
Pondicherry,Puducherry,Beach,Budget,"Charming coastal town with French colonial streets, colorful villas, peaceful Auroville, and seaside promenade.",beach heritage French architecture relaxed cafes spiritual coastal
Ranthambore,Rajasthan,Wildlife,Moderate,"Famous national park known for Bengal tiger sightings, historic fort ruins, and rich flora and fauna.",wildlife tiger safari nature national park jungle animals photography
Srinagar,Jammu and Kashmir,Nature,Moderate,"Paradise on Earth with Dal Lake houseboats, colorful Shikaras, Mughal gardens, and snow-draped mountains.",nature lake houseboat snow gardens romantic scenic mountains
Gokarna,Karnataka,Beach,Budget,"Tranquil beach destination with rocky cliffs, secluded coves, laid-back vibe, and coastal trekking trails.",beach relaxed trekking coastal spiritual quiet nature sea
Kasol,Himachal Pradesh,Adventure,Budget,"Scenic village in Parvati Valley, popular among backpackers, trekkers, and nature enthusiasts.",adventure mountain trekking backpacker river nature valley relaxed
Mahabalipuram,Tamil Nadu,Heritage,Budget,"Ancient coastal town famous for shore temples, rock-cut monoliths, and intricate stone carvings.",heritage beach temples carvings history architecture coastal photography
Kaziranga,Assam,Wildlife,Moderate,"UNESCO site famous for the endangered one-horned rhinoceros, elephant safaris, and vast grasslands.",wildlife rhino safari nature national park jungle conservation animals
Shillong,Meghalaya,Nature,Budget,"Scotland of the East, featuring rolling green hills, waterfalls, live root bridges, and vibrant rock music culture.",nature waterfalls hills music bridges greenery scenic adventure
Kanyakumari,Tamil Nadu,Culture,Budget,"Southernmost tip of mainland India where three seas meet, famous for glorious sunrises, sunsets, and Thiruvalluvar Statue.",culture beach sea sunrise sunset spiritual monument coastal
Wayanad,Kerala,Nature,Budget,"Lush green sanctuary with spice plantations, ancient caves, waterfalls, wildlife, and misty mountain peaks.",nature spice plantation caves waterfalls trekking wildlife mountain
Mount Abu,Rajasthan,Mountain,Budget,"Only hill station in Rajasthan, home to stunning Dilwara Jain temples and Nakki Lake surrounded by hills.",mountain temples lake heritage climate nature scenic
Pushkar,Rajasthan,Culture,Budget,"Holy lake town famous for Brahma Temple, annual camel fair, vibrant bazaars, and spiritual vibe.",spiritual culture camel fair desert temples bazaars photography
Amritsar,Punjab,Culture,Budget,"Spiritual center of Sikhism housing the breathtaking Golden Temple and famous for mouthwatering Punjabi cuisine.",spiritual Golden Temple food heritage culture history photography
Alleppey,Kerala,Nature,Moderate,"Venice of the East with picturesque backwater canals, village life, beaches, and relaxing houseboat cruises.",backwaters houseboat nature relaxed coastal seafood scenery
Spiti Valley,Himachal Pradesh,Adventure,Moderate,"Cold mountain desert valley with ancient monasteries, high passes, remote villages, and starry night skies.",adventure mountain desert monastery stargazing remote high altitude
Tawang,Arunachal Pradesh,Culture,Moderate,"High-altitude town known for India's largest Buddhist monastery, snow peaks, and pristine alpine lakes.",culture monastery mountain snow spiritual nature remote lakes
Aizawl,Mizoram,Culture,Budget,"Scenic capital perched on ridge lines, showcasing tribal Mizo culture, crafts, and green mountain vistas.",culture mountain crafts nature peaceful scenery hill station
Gangtok,Sikkim,Mountain,Budget,"Vibrant Himalayan capital with views of Mount Kanchenjunga, Buddhist monasteries, ropeways, and flower shows.",mountain culture monastery snow views adventure shopping climate
Chikmagalur,Karnataka,Nature,Budget,"Birthplace of Indian coffee, offering misty mountain peaks, lush green estates, and trekking trails.",nature coffee mountain hiking waterfalls scenery relaxed
Kutch,Gujarat,Desert,Budget,"Vast white salt desert famous for Rann Utsav cultural festival, traditional handicrafts, and starry nights.",desert white rann festival culture craft stargazing unique landscape
Khajuraho,Madhya Pradesh,Heritage,Budget,"Famous for magnificent medieval temples adorned with intricate erotic and artistic stone sculptures.",heritage temples sculptures history architecture culture art
Bandhavgarh,Madhya Pradesh,Wildlife,Moderate,"Premier national park with high density of Royal Bengal Tigers and historic ancient fort ruins.",wildlife tiger safari jungle animals nature national park
Bhubaneswar,Odisha,Heritage,Budget,"Temple City of India featuring ancient Kalinga architecture, rock-cut caves, and rich Odia heritage.",heritage temples architecture history caves culture photography
Puri,Odisha,Culture,Budget,"Sacred coastal city famous for Lord Jagannath Temple, annual Rath Yatra, and golden sand beaches.",spiritual beach sea culture temple festival coastal
Bhimbetka,Madhya Pradesh,Heritage,Budget,"UNESCO site featuring prehistoric rock shelters with ancient cave paintings dating back tens of thousands of years.",heritage caves history rock art archaeology ancient culture
Lonavala,Maharashtra,Mountain,Budget,"Popular monsoon hill station known for lush green valleys, misty hills, waterfalls, and chikki sweet.",mountain monsoon waterfalls greenery lake hill station relaxed
Mahabaleshwar,Maharashtra,Mountain,Budget,"Scenic Western Ghats destination famous for strawberry farms, viewpoint cliffs, and evergreen forests.",mountain strawberry farms nature view greenery lakes hill station
Diu,Daman and Diu,Beach,Budget,"Quiet coastal island town featuring historic Portuguese fort, pristine beaches, and relaxed seafood dining.",beach island heritage Portuguese fort relaxed sea coastal
Guwahati,Assam,Culture,Budget,"Gateway to Northeast India on the Brahmaputra river, famous for Kamakhya Temple and river cruises.",culture temple river cruise heritage gateway wildlife
Dharamshala,Himachal Pradesh,Culture,Budget,"Home of the Dalai Lama and Tibetan government in exile, surrounded by cedar forests and Dhauladhar peaks.",culture spiritual Tibetan monastery mountain hiking peace Buddhism
Nainital,Uttarakhand,Mountain,Budget,"Classic lake town centered around Naini Lake with mountain views, boating, and scenic walking trails.",mountain lake boating view climate hill station family relaxed
Mussoorie,Uttarakhand,Mountain,Budget,"Queen of the Hills featuring Kempty Falls, Mall Road, ropeway, and panoramic Himalayan vistas.",mountain waterfalls view hill station shopping climate scenery
Bodh Gaya,Bihar,Culture,Budget,"Global Buddhist pilgrimage center where Gautama Buddha attained enlightenment under the Mahabodhi Tree.",spiritual temple Buddha culture enlightenment history UNESCO
Ajanta and Ellora,Maharashtra,Heritage,Budget,"World-famous rock-cut cave monuments featuring ancient Buddhist, Hindu, and Jain cave paintings and sculptures.",heritage caves sculptures architecture ancient art history UNESCO
Kodaikanal,Tamil Nadu,Mountain,Budget,"Princess of Hill Stations featuring star-shaped lake, pine forests, pillar rocks, and pleasant climate.",mountain lake pine forest climate view hill station nature
Alibaug,Maharashtra,Beach,Budget,"Coastal getaway near Mumbai with sandy beaches, historic sea forts, and beachfront villas.",beach sea fort coastal relaxed weekend getaway water sports
Dhanushkodi,Tamil Nadu,Heritage,Budget,"Ghost town at the tip of Pamban Island, where the Indian Ocean and Bay of Bengal meet amidst ruins.",heritage beach ghost town ruins ocean photography unique sea
Valparai,Tamil Nadu,Nature,Budget,"Lush tea and coffee estate paradise in the Anamalai Hills with rich wildlife and mountain winding roads.",nature tea coffee wildlife mountain trekking greenery quiet
Paris,France (International),City,Luxury,"The City of Light famous for Eiffel Tower, Louvre museum, world-class gastronomy, fashion, and romance.",luxury city museum romance gastronomy Eiffel Tower art culture fashion
Tokyo,Japan (International),City,Luxury,"Futuristic metropolis blending high-tech neon skyscrapers, anime culture, sushi, and ancient historic shrines.",luxury city food tech culture shopping temple modern future
Bali,Indonesia (International),Island,Moderate,"Tropical Indonesian paradise with lush volcanic mountains, terraced rice fields, coral reefs, and Hindu temples.",island beach spiritual nature rice fields luxury relaxed tropical spa
Dubai,UAE (International),City,Luxury,"Ultra-modern desert city known for luxury shopping, Burj Khalifa, futuristic architecture, and desert safaris.",luxury city skyscrapers shopping desert safari nightlife modern architecture
Bangkok,Thailand (International),City,Budget,"Vibrant capital famous for ornate shrines, bustling street food markets, canal boat rides, and nightlife.",city street food temples nightlife shopping budget culture markets
Rome,Italy (International),Heritage,Luxury,"Eternal City rich with ancient Colosseum ruins, Vatican City art, pasta, gelato, and baroque fountains.",luxury heritage history Colosseum art architecture food Roman museum
London,UK (International),City,Luxury,"Historic global capital featuring Big Ben, Royal Palaces, West End theater, museums, and rich culture.",luxury city history museums theater royalty architecture shopping culture
New York City,USA (International),City,Luxury,"The Big Apple with Times Square, Broadway, Central Park, Statue of Liberty, world-class dining, and skyline.",luxury city Broadway Central Park shopping dining skyline culture museum
Swiss Alps,Switzerland (International),Mountain,Luxury,"Alpine wonderland offering premier skiing, Matterhorn peaks, scenic train journeys, and luxury chalets.",luxury mountain skiing snow scenery chalets hiking alpine landscape
Phuket,Thailand (International),Island,Budget,"Thailand's largest island featuring nightlife, white-sand beaches, limestone islands, and water sports.",island beach nightlife water sports tropical budget island hopping
Santorini,Greece (International),Island,Luxury,"Stunning Aegean island famous for iconic white-washed cliffside villages, blue domes, and breathtaking sunsets.",luxury island beach sunset white villas romance Mediterranean scenery
Maldives,Maldives (International),Island,Luxury,"Tropical paradise in the Indian Ocean with private overwater bungalows, turquoise lagoons, and coral reefs.",luxury island overwater bungalow resort sea honeymoon scuba diving beach
Barcelona,Spain (International),City,Moderate,"Vibrant Catalan city famous for Gaudi architecture, Mediterranean beaches, tapas, and football history.",city beach architecture Gaudi food football culture vibrant nightlife
Kyoto,Japan (International),Culture,Moderate,"Cultural capital of Japan known for thousands of classical Buddhist temples, gardens, imperial palaces, and geishas.",culture temples heritage gardens geisha Japan tradition architecture history
Cairo,Egypt (International),Heritage,Budget,"Ancient metropolis home to the Great Pyramids of Giza, the Sphinx, Nile river cruises, and vibrant bazaars.",heritage Pyramids history ancient Nile museum culture bazaars
Singapore,Singapore (International),City,Luxury,"Garden city state featuring Marina Bay Sands, Supertree Grove, multicultural hawker food, and clean streets.",luxury city modern Gardens by the Bay food hawker shopping futuristic
Istanbul,Turkey (International),Heritage,Budget,"Transcontinental city bridging Europe and Asia with historic Hagia Sophia, Grand Bazaar, and Bosphorus views.",heritage culture Grand Bazaar history architecture food river European Asian
Reykjavik,Iceland (International),Nature,Luxury,"Gateway to geothermal wonders, Northern Lights, glaciers, waterfalls, blue lagoon, and volcanic landscapes.",luxury nature Northern Lights glaciers geothermal waterfalls volcanic Iceland scenery
Cape Town,South Africa (International),Nature,Moderate,"Coastal city framed by Table Mountain, penguin beaches, winelands, and dramatic coastal ocean scenery.",nature mountain beach coastal wine safari scenery ocean city
Queenstown,New Zealand (International),Adventure,Luxury,"Global adventure capital featuring bungee jumping, skydiving, alpine fjords, lakes, and Lord of the Rings scenery.",luxury adventure mountain lakes fjords skydiving skiing sports scenery
Amsterdam,Netherlands (International),City,Moderate,"Charming European city of historic canals, world-class museums, bicycle culture, and colorful tulips.",city canals museums bicycles heritage art culture European relaxed
Rio de Janeiro,Brazil (International),Beach,Moderate,"Marvelous city framed by Christ the Redeemer statue, Copacabana beach, samba music, and dramatic green peaks.",beach city Samba Christ statue scenery mountain samba ocean culture
Kathmandu,Nepal (International),Culture,Budget,"Himalayan capital filled with UNESCO Buddhist stupas, Durbar Squares, mountain views, and trekking gateways.",culture mountain temple Himalayan trekking spiritual heritage budget stupa
Hanoi,Vietnam (International),Culture,Budget,"Historic Vietnamese capital famous for French colonial architecture, ancient Old Quarter, street food, and coffee.",culture street food coffee architecture history budget markets lakes
Sydney,Australia (International),City,Luxury,"Coastal Australian hub with Sydney Opera House, Harbor Bridge, Bondi beach, and coastal cliff walks.",luxury city harbor beach Opera House scenery coastal modern Australia
Venice,Italy (Italy International),Heritage,Luxury,"Romantic city built on 118 islands connected by historic canals, gondolas, St Mark's Basilica, and bridges.",luxury heritage romantic canals gondola architecture history European art
Dubrovnik,Croatia (International),Heritage,Moderate,"Pearl of the Adriatic with ancient stone defensive walls, marble streets, coastal views, and Game of Thrones sites.",heritage coastal sea walls architecture Mediterranean history scenery fort
Prague,Czech Republic (International),Heritage,Budget,"City of a Hundred Spires featuring fairytale Charles Bridge, Prague Castle, historic squares, and famous beer.",heritage architecture castle bridge beer history budget fairytale European
Vienna,Austria (Austria International),Culture,Luxury,"Imperial capital of classical music, palaces, grand cafes, opera, and Baroque architecture.",luxury culture palace music opera cafes architecture art European imperial
Bangkok Islands (Koh Samui),Thailand (International),Island,Moderate,"Palm-fringed beaches, luxury spa resorts, coconut groves, and crystal waters in the Gulf of Thailand.",island beach tropical spa resort sea water sports relaxed Thailand
